date,platform,campaign_id,campaign_name,ad_group_id,ad_group_name,impressions,clicks,spend,conversions,ctr,cpc,cpa,cvr,cpm,video_views,engagement_rate,reach,frequency,conversion_value,quality_score,search_impression_share,video_watch_25,video_watch_50,video_watch_75,video_watch_100,likes,shares,comments
2024-01-01,Facebook,fb_1001,Brand_Awareness_Q1,fbset_2001,Broad_Audience_18-35,45623,892,127.5,12,0.019552,0.142937,10.625,0.013453,2.7950000000000004,8234,0.0195,38234,1.19,,,,,,,,,,
2024-01-01,Facebook,fb_1002,Conversions_Retargeting,fbset_2002,Cart_Abandoners,12456,567,215.8,34,0.04552,0.3806,6.347059,0.059965,17.325,1234,0.0455,9876,1.26,,,,,,,,,,
2024-01-01,Facebook,fb_1003,Traffic_Drive_Jan,fbset_2003,Lookalike_Purchasers,34567,1234,189.9,23,0.035699,0.15389,8.256522,0.018639,5.494,4567,0.0357,28934,1.19,,,,,,,,,,
2024-01-01,Google,g_5001,Search_Brand_Terms,gad_6001,Brand_Exact,23456,1234,234.5,45,0.052609,0.190032,5.211111,0.036467,9.997,,,,,2250.00,9,0.92,,,,,,,
2024-01-01,Google,g_5002,Search_Generic_Terms,gad_6002,Product_Broad,45678,890,567.8,23,0.019484,0.637978,24.686957,0.025843,12.43,,,,,1150.00,7,0.45,,,,,,,
2024-01-01,Google,g_5003,Shopping_All_Products,gad_6003,Best_Sellers,67890,2345,423.6,67,0.034541,0.18064,6.322388,0.028571,6.24,,,,,3350.00,8,0.67,,,,,,,
2024-01-01,TikTok,tt_8001,Awareness_GenZ,ttad_9001,Dance_Challenge,234567,3456,456.7,34,0.014734,0.132147,13.432353,0.009838,1.9469999999999998,198234,,,,,,,156234,98234,67234,45234,8923,2345,567
2024-01-01,TikTok,tt_8002,Conversion_Focus,ttad_9002,Product_Demo,123456,2345,678.9,67,0.018995,0.28951,10.132836,0.028571,5.4990000000000006,89234,,,,,,,67234,45234,34234,23456,4567,1234,234
2024-01-01,TikTok,tt_8003,Traffic_Campaign,ttad_9003,Trending_Sounds,189234,2890,345.6,23,0.015272,0.119585,15.026087,0.007958,1.8259999999999998,145678,,,,,,,112345,89234,56789,34567,6789,1890,456
2024-01-02,Facebook,fb_1001,Brand_Awareness_Q1,fbset_2001,Broad_Audience_18-35,42345,823,118.2,10,0.019436,0.143621,11.82,0.012151,2.791,7890,0.0194,36789,1.15,,,,,,,,,,
2024-01-02,Facebook,fb_1002,Conversions_Retargeting,fbset_2002,Cart_Abandoners,13678,623,234.5,38,0.045548,0.376404,6.171053,0.060995,17.144,1456,0.0455,10234,1.34,,,,,,,,,,
2024-01-02,Facebook,fb_1003,Traffic_Drive_Jan,fbset_2003,Lookalike_Purchasers,36789,1345,201.3,25,0.03656,0.149665,8.052,0.018587,5.472,4890,0.0366,30123,1.22,,,,,,,,,,
2024-01-02,Google,g_5001,Search_Brand_Terms,gad_6001,Brand_Exact,24567,1289,245.6,48,0.052469,0.190535,5.116667,0.037238,9.997,,,,,2400.00,9,0.91,,,,,,,
2024-01-02,Google,g_5002,Search_Generic_Terms,gad_6002,Product_Broad,43234,823,534.2,21,0.019036,0.649089,25.438095,0.025516,12.356,,,,,1050.00,7,0.44,,,,,,,
2024-01-02,Google,g_5003,Shopping_All_Products,gad_6003,Best_Sellers,71234,2456,445.8,71,0.034478,0.181515,6.278873,0.028909,6.258,,,,,3550.00,8,0.68,,,,,,,
2024-01-02,TikTok,tt_8001,Awareness_GenZ,ttad_9001,Dance_Challenge,245678,3678,478.9,36,0.014971,0.130207,13.302778,0.009788,1.949,207345,,,,,,,163456,102345,70234,47234,9234,2456,589
2024-01-02,TikTok,tt_8002,Conversion_Focus,ttad_9002,Product_Demo,134567,2567,712.3,71,0.019076,0.277483,10.032394,0.027659,5.293,95678,,,,,,,71234,48234,36234,24567,4789,1345,245
2024-01-02,TikTok,tt_8003,Traffic_Campaign,ttad_9003,Trending_Sounds,198345,3012,361.2,25,0.015186,0.11992,14.448,0.0083,1.821,152345,,,,,,,117234,93234,59234,36234,7123,1967,478
2024-01-03,Facebook,fb_1001,Brand_Awareness_Q1,fbset_2001,Broad_Audience_18-35,48234,967,134.8,14,0.020048,0.1394,9.628571,0.014478,2.7950000000000004,8901,0.0201,40123,1.20,,,,,,,,,,
2024-01-03,Facebook,fb_1002,Conversions_Retargeting,fbset_2002,Cart_Abandoners,11234,489,198.7,31,0.043529,0.406339,6.409677,0.063395,17.687,1123,0.0435,8901,1.26,,,,,,,,,,
2024-01-03,Facebook,fb_1003,Traffic_Drive_Jan,fbset_2003,Lookalike_Purchasers,38901,1456,213.4,28,0.037428,0.146566,7.621429,0.019231,5.486000000000001,5234,0.0375,31456,1.24,,,,,,,,,,
2024-01-03,Google,g_5001,Search_Brand_Terms,gad_6001,Brand_Exact,22345,1123,213.4,42,0.050257,0.190027,5.080952,0.0374,9.549999999999999,,,,,2100.00,9,0.93,,,,,,,
2024-01-03,Google,g_5002,Search_Generic_Terms,gad_6002,Product_Broad,47890,967,623.5,25,0.020192,0.644778,24.94,0.025853,13.019,,,,,1250.00,6,0.43,,,,,,,
2024-01-03,Google,g_5004,Display_Remarketing,gad_6004,Cart_Abandoners,123456,456,123.4,12,0.003694,0.270614,10.283333,0.026316,1.0,,,,,600.00,7,0.35,,,,,,,
2024-01-03,TikTok,tt_8001,Awareness_GenZ,ttad_9001,Dance_Challenge,223456,3234,434.5,32,0.014473,0.134354,13.578125,0.009895,1.944,189234,,,,,,,148234,93234,63456,43234,8567,2234,534
2024-01-03,TikTok,tt_8002,Conversion_Focus,ttad_9002,Product_Demo,112345,2123,623.4,62,0.018897,0.293641,10.054839,0.029204,5.549,82345,,,,,,,61234,41234,31234,21234,4234,1123,212
2024-01-03,TikTok,tt_8004,Influencer_Collab,ttad_9004,Creator_Partnership,345678,5678,890.1,89,0.016426,0.156763,10.001124,0.015675,2.575,289234,,,,,,,234567,189234,134567,89234,15678,4567,1234
2024-01-04,Facebook,fb_1001,Brand_Awareness_Q1,fbset_2001,Broad_Audience_18-35,51234,1023,142.3,15,0.019967,0.139101,9.486667,0.014663,2.777,9234,0.0200,42567,1.20,,,,,,,,,,
2024-01-04,Facebook,fb_1002,Conversions_Retargeting,fbset_2002,Cart_Abandoners,14567,678,245.6,42,0.046544,0.362242,5.847619,0.061947,16.86,1567,0.0465,11234,1.30,,,,,,,,,,
2024-01-04,Facebook,fb_1004,Video_Views_Campaign,fbset_2004,Video_Enthusiasts,67890,234,89.5,5,0.003447,0.382479,17.9,0.021368,1.3179999999999998,45678,0.0034,56789,1.20,,,,,,,,,,
2024-01-04,Google,g_5001,Search_Brand_Terms,gad_6001,Brand_Exact,25678,1345,256.7,50,0.052379,0.190855,5.134,0.037175,9.997,,,,,2500.00,9,0.92,,,,,,,
2024-01-04,Google,g_5003,Shopping_All_Products,gad_6003,Best_Sellers,69456,2234,412.3,65,0.032164,0.184557,6.343077,0.029096,5.936,,,,,3250.00,8,0.66,,,,,,,
2024-01-04,Google,g_5004,Display_Remarketing,gad_6004,Cart_Abandoners,134567,489,134.5,14,0.003634,0.275051,9.607143,0.02863,1.0,,,,,700.00,7,0.36,,,,,,,
2024-01-04,TikTok,tt_8001,Awareness_GenZ,ttad_9001,Dance_Challenge,256789,3890,512.3,39,0.015149,0.131697,13.135897,0.010026,1.9949999999999999,217456,,,,,,,170234,107234,72456,48456,9567,2567,612
2024-01-04,TikTok,tt_8003,Traffic_Campaign,ttad_9003,Trending_Sounds,201234,3123,374.5,26,0.015519,0.119917,14.403846,0.008325,1.861,157890,,,,,,,121234,96234,61234,37456,7345,2034,489
2024-01-04,TikTok,tt_8004,Influencer_Collab,ttad_9004,Creator_Partnership,367890,6012,923.4,94,0.016342,0.153593,9.823404,0.015635,2.5100000000000002,301234,,,,,,,245678,196789,140234,93456,16234,4789,1289
2024-01-05,Facebook,fb_1001,Brand_Awareness_Q1,fbset_2001,Broad_Audience_18-35,46789,934,131.2,13,0.019962,0.140471,10.092308,0.013919,2.8040000000000003,8567,0.0200,39234,1.19,,,,,,,,,,
2024-01-05,Facebook,fb_1002,Conversions_Retargeting,fbset_2002,Cart_Abandoners,12890,567,220.3,36,0.043988,0.388536,6.119444,0.063492,17.090999999999998,1345,0.0440,10123,1.27,,,,,,,,,,
2024-01-05,Facebook,fb_1004,Video_Views_Campaign,fbset_2004,Video_Enthusiasts,71234,256,94.8,6,0.003594,0.370312,15.8,0.023438,1.331,48901,0.0036,59234,1.20,,,,,,,,,,
2024-01-05,Google,g_5001,Search_Brand_Terms,gad_6001,Brand_Exact,23890,1234,234.9,46,0.051653,0.190357,5.106522,0.037277,9.833,,,,,2300.00,9,0.91,,,,,,,
2024-01-05,Google,g_5002,Search_Generic_Terms,gad_6002,Product_Broad,46234,912,589.3,24,0.019726,0.646162,24.554167,0.026316,12.746,,,,,1200.00,7,0.45,,,,,,,
2024-01-05,Google,g_5004,Display_Remarketing,gad_6004,Cart_Abandoners,128901,467,128.9,13,0.003623,0.276017,9.915385,0.027837,1.0,,,,,650.00,7,0.34,,,,,,,
2024-01-05,TikTok,tt_8001,Awareness_GenZ,ttad_9001,Dance_Challenge,234234,3467,460.2,35,0.014801,0.132737,13.148571,0.010095,1.965,199234,,,,,,,156789,98789,67789,45456,8945,2367,578
2024-01-05,TikTok,tt_8002,Conversion_Focus,ttad_9002,Product_Demo,128901,2456,689.5,68,0.019053,0.280741,10.139706,0.027687,5.348999999999999,91234,,,,,,,68234,45789,34567,23678,4678,1267,237
2024-01-05,TikTok,tt_8004,Influencer_Collab,ttad_9004,Creator_Partnership,356789,5834,901.2,91,0.016351,0.154474,9.903297,0.015598,2.5260000000000002,293456,,,,,,,239234,191234,136234,90234,15890,4634,1256
2024-01-06,Facebook,fb_1001,Brand_Awareness_Q1,fbset_2001,Broad_Audience_18-35,44567,878,125.6,11,0.019701,0.143052,11.418182,0.012528,2.818,8123,0.0197,37456,1.19,,,,,,,,,,
2024-01-06,Facebook,fb_1003,Traffic_Drive_Jan,fbset_2003,Lookalike_Purchasers,35678,1289,195.6,24,0.036129,0.151746,8.15,0.018619,5.482,4678,0.0361,29345,1.22,,,,,,,,,,
2024-01-06,Facebook,fb_1004,Video_Views_Campaign,fbset_2004,Video_Enthusiasts,69456,245,91.2,5,0.003527,0.372245,18.24,0.020408,1.313,47234,0.0035,57890,1.20,,,,,,,,,,
2024-01-06,Google,g_5001,Search_Brand_Terms,gad_6001,Brand_Exact,24234,1267,241.2,47,0.052282,0.190371,5.131915,0.037096,9.953,,,,,2350.00,9,0.92,,,,,,,
2024-01-06,Google,g_5003,Shopping_All_Products,gad_6003,Best_Sellers,72345,2378,432.9,69,0.03287,0.182044,6.273913,0.029016,5.984,,,,,3450.00,8,0.67,,,,,,,
2024-01-06,Google,g_5004,Display_Remarketing,gad_6004,Cart_Abandoners,131234,478,132.4,13,0.003642,0.276987,10.184615,0.027197,1.009,,,,,650.00,7,0.35,,,,,,,
2024-01-06,TikTok,tt_8001,Awareness_GenZ,ttad_9001,Dance_Challenge,267890,3945,523.4,40,0.014726,0.132674,13.085,0.010139,1.954,221234,,,,,,,173456,109234,73567,49234,9789,2634,623
2024-01-06,TikTok,tt_8003,Traffic_Campaign,ttad_9003,Trending_Sounds,205678,3234,387.8,27,0.015724,0.119913,14.362963,0.008349,1.885,162345,,,,,,,124567,98901,63234,38234,7567,2089,501
2024-01-06,TikTok,tt_8004,Influencer_Collab,ttad_9004,Creator_Partnership,378901,6123,945.6,96,0.01616,0.154434,9.85,0.015679,2.496,312345,,,,,,,251234,201234,143456,95234,16567,4823,1312
2024-01-07,Facebook,fb_1001,Brand_Awareness_Q1,fbset_2001,Broad_Audience_18-35,49876,1067,145.9,16,0.021393,0.136739,9.11875,0.014995,2.9250000000000003,9567,0.0214,41234,1.21,,,,,,,,,,
2024-01-07,Facebook,fb_1002,Conversions_Retargeting,fbset_2002,Cart_Abandoners,13456,623,237.8,40,0.046299,0.381701,5.945,0.064205,17.672,1456,0.0463,10567,1.27,,,,,,,,,,
2024-01-07,Facebook,fb_1003,Traffic_Drive_Jan,fbset_2003,Lookalike_Purchasers,37234,1367,207.9,27,0.036714,0.152085,7.7,0.019751,5.5840000000000005,5012,0.0367,30678,1.21,,,,,,,,,,
2024-01-07,Google,g_5001,Search_Brand_Terms,gad_6001,Brand_Exact,26789,1456,278.9,54,0.054351,0.191552,5.164815,0.037088,10.411,,,,,2700.00,9,0.93,,,,,,,
2024-01-07,Google,g_5002,Search_Generic_Terms,gad_6002,Product_Broad,44567,878,567.2,22,0.019701,0.646014,25.781818,0.025057,12.727,,,,,1100.00,6,0.44,,,,,,,
2024-01-07,Google,g_5003,Shopping_All_Products,gad_6003,Best_Sellers,70234,2289,419.5,66,0.032591,0.183268,6.356061,0.028834,5.973,,,,,3300.00,8,0.66,,,,,,,
2024-01-07,TikTok,tt_8001,Awareness_GenZ,ttad_9001,Dance_Challenge,278901,4123,545.6,42,0.014783,0.132331,12.990476,0.010187,1.9559999999999997,229234,,,,,,,179234,112234,75678,50234,10123,2712,645
2024-01-07,TikTok,tt_8002,Conversion_Focus,ttad_9002,Product_Demo,138901,2678,734.5,73,0.01928,0.274272,10.061644,0.027259,5.288,97890,,,,,,,72345,48901,36789,24890,4901,1356,256
2024-01-07,TikTok,tt_8003,Traffic_Campaign,ttad_9003,Trending_Sounds,212345,3345,401.1,28,0.015753,0.11991,14.325,0.008371,1.889,167890,,,,,,,128234,101234,65234,39456,7789,2145,512
2024-01-08,Facebook,fb_1001,Brand_Awareness_Q1,fbset_2001,Broad_Audience_18-35,47234,945,135.4,14,0.020007,0.14328,9.671429,0.014815,2.867,8789,0.0200,39567,1.19,,,,,,,,,,
2024-01-08,Facebook,fb_1002,Conversions_Retargeting,fbset_2002,Cart_Abandoners,12123,534,212.4,35,0.044049,0.397753,6.068571,0.065543,17.52,1234,0.0441,9567,1.27,,,,,,,,,,
2024-01-08,Facebook,fb_1004,Video_Views_Campaign,fbset_2004,Video_Enthusiasts,73456,267,98.3,7,0.003635,0.368165,14.042857,0.026217,1.338,50123,0.0036,60234,1.22,,,,,,,,,,
2024-01-08,Google,g_5001,Search_Brand_Terms,gad_6001,Brand_Exact,22567,1134,216.8,43,0.05025,0.191182,5.04186,0.037919,9.607,,,,,2150.00,9,0.91,,,,,,,
2024-01-08,Google,g_5002,Search_Generic_Terms,gad_6002,Product_Broad,48234,989,634.7,26,0.020504,0.641759,24.411538,0.026289,13.159,,,,,1300.00,7,0.46,,,,,,,
2024-01-08,Google,g_5004,Display_Remarketing,gad_6004,Cart_Abandoners,125678,445,121.3,11,0.003541,0.272584,11.027273,0.024719,0.9650000000000001,,,,,550.00,7,0.34,,,,,,,
2024-01-08,TikTok,tt_8001,Awareness_GenZ,ttad_9001,Dance_Challenge,245234,3578,474.3,37,0.01459,0.13256,12.818919,0.010341,1.934,203456,,,,,,,158901,99567,68234,45789,8978,2389,590
2024-01-08,TikTok,tt_8002,Conversion_Focus,ttad_9002,Product_Demo,119234,2234,645.6,64,0.018736,0.288988,10.0875,0.028648,5.415,85678,,,,,,,63456,42345,32234,22234,4345,1189,223
2024-01-08,TikTok,tt_8004,Influencer_Collab,ttad_9004,Creator_Partnership,389012,6234,967.8,98,0.016025,0.155245,9.87551,0.01572,2.488,321234,,,,,,,258901,207890,147234,97456,16901,4912,1345
2024-01-09,Facebook,fb_1001,Brand_Awareness_Q1,fbset_2001,Broad_Audience_18-35,50123,1012,141.7,15,0.02019,0.14002,9.446667,0.014822,2.827,9345,0.0202,41890,1.20,,,,,,,,,,
2024-01-09,Facebook,fb_1003,Traffic_Drive_Jan,fbset_2003,Lookalike_Purchasers,36456,1312,199.8,26,0.035989,0.152287,7.684615,0.019817,5.481,4823,0.0360,30234,1.21,,,,,,,,,,
2024-01-09,Facebook,fb_1004,Video_Views_Campaign,fbset_2004,Video_Enthusiasts,70123,253,93.6,6,0.003608,0.36996,15.6,0.023715,1.335,48234,0.0036,58456,1.20,,,,,,,,,,
2024-01-09,Google,g_5001,Search_Brand_Terms,gad_6001,Brand_Exact,25234,1312,250.3,49,0.051993,0.190777,5.108163,0.037348,9.919,,,,,2450.00,9,0.92,,,,,,,
2024-01-09,Google,g_5003,Shopping_All_Products,gad_6003,Best_Sellers,73456,2423,441.8,70,0.032986,0.182336,6.311429,0.02889,6.014,,,,,3500.00,8,0.68,,,,,,,
2024-01-09,Google,g_5004,Display_Remarketing,gad_6004,Cart_Abandoners,129345,456,125.6,12,0.003525,0.275439,10.466667,0.026316,0.971,,,,,600.00,7,0.35,,,,,,,
2024-01-09,TikTok,tt_8001,Awareness_GenZ,ttad_9001,Dance_Challenge,289012,4234,556.7,43,0.01465,0.131483,12.946512,0.010156,1.926,234567,,,,,,,182345,114567,77234,51234,10345,2789,656
2024-01-09,TikTok,tt_8003,Traffic_Campaign,ttad_9003,Trending_Sounds,218901,3456,414.4,29,0.015788,0.119907,14.289655,0.008391,1.893,173456,,,,,,,131567,103567,67234,40567,8012,2201,523
2024-01-09,TikTok,tt_8004,Influencer_Collab,ttad_9004,Creator_Partnership,401234,6456,989.9,101,0.01609,0.15333,9.80099,0.015644,2.467,332345,,,,,,,267890,214567,151234,99567,17234,5012,1378
2024-01-10,Facebook,fb_1001,Brand_Awareness_Q1,fbset_2001,Broad_Audience_18-35,48567,978,137.8,14,0.020137,0.1409,9.842857,0.014315,2.837,8945,0.0201,40456,1.20,,,,,,,,,,
2024-01-10,Facebook,fb_1002,Conversions_Retargeting,fbset_2002,Cart_Abandoners,13789,645,241.2,41,0.046776,0.373953,5.882927,0.063566,17.492,1489,0.0468,10789,1.28,,,,,,,,,,
2024-01-10,Facebook,fb_1003,Traffic_Drive_Jan,fbset_2003,Lookalike_Purchasers,38456,1423,217.5,29,0.037003,0.152846,7.5,0.020379,5.656,5123,0.0370,31234,1.23,,,,,,,,,,
2024-01-10,Google,g_5001,Search_Brand_Terms,gad_6001,Brand_Exact,24678,1289,245.9,48,0.052233,0.190768,5.122917,0.037238,9.964,,,,,2400.00,9,0.91,,,,,,,
2024-01-10,Google,g_5002,Search_Generic_Terms,gad_6002,Product_Broad,45234,901,578.9,23,0.019919,0.642508,25.169565,0.025527,12.798,,,,,1150.00,7,0.45,,,,,,,
2024-01-10,Google,g_5003,Shopping_All_Products,gad_6003,Best_Sellers,68901,2267,414.2,64,0.032902,0.182708,6.471875,0.028231,6.012,,,,,3200.00,8,0.67,,,,,,,
2024-01-10,TikTok,tt_8001,Awareness_GenZ,ttad_9001,Dance_Challenge,256234,3701,490.5,38,0.014444,0.132532,12.907895,0.010267,1.914,209234,,,,,,,163567,102567,69567,46567,9123,2423,601
2024-01-10,TikTok,tt_8002,Conversion_Focus,ttad_9002,Product_Demo,145678,2789,756.7,76,0.019145,0.271316,9.956579,0.02725,5.194,101234,,,,,,,74567,50234,37890,25234,5012,1423,267
2024-01-10,TikTok,tt_8003,Traffic_Campaign,ttad_9003,Trending_Sounds,223456,3567,427.7,30,0.015963,0.119905,14.256667,0.00841,1.914,178901,,,,,,,135234,106789,69234,41789,8234,2267,534
2024-01-11,Facebook,fb_1001,Brand_Awareness_Q1,fbset_2001,Broad_Audience_18-35,52123,1089,148.6,17,0.020893,0.136455,8.741176,0.015611,2.851,9567,0.0209,43234,1.21,,,,,,,,,,
2024-01-11,Facebook,fb_1002,Conversions_Retargeting,fbset_2002,Cart_Abandoners,14567,723,256.4,44,0.049633,0.354633,5.827273,0.060858,17.601,1612,0.0496,11456,1.27,,,,,,,,,,
2024-01-11,Facebook,fb_1003,Traffic_Drive_Jan,fbset_2003,Lookalike_Purchasers,39789,1534,225.8,31,0.038553,0.147197,7.283871,0.020209,5.675000000000001,5456,0.0386,32567,1.22,,,,,,,,,,
2024-01-11,Facebook,fb_1004,Video_Views_Campaign,fbset_2004,Video_Enthusiasts,76234,278,101.5,8,0.003647,0.365108,12.6875,0.028777,1.331,52345,0.0037,62456,1.22,,,,,,,,,,
2024-01-11,Google,g_5001,Search_Brand_Terms,gad_6001,Brand_Exact,26234,1378,263.4,52,0.052527,0.191147,5.065385,0.037736,10.040000000000001,,,,,2600.00,9,0.92,,,,,,,
2024-01-11,Google,g_5002,Search_Generic_Terms,gad_6002,Product_Broad,47890,934,612.5,26,0.019503,0.655782,23.557692,0.027837,12.79,,,,,1300.00,7,0.46,,,,,,,
2024-01-11,Google,g_5003,Shopping_All_Products,gad_6003,Best_Sellers,71234,2456,445.8,71,0.034478,0.181515,6.278873,0.028909,6.258,,,,,3550.00,8,0.68,,,,,,,
2024-01-11,Google,g_5004,Display_Remarketing,gad_6004,Cart_Abandoners,136789,512,142.3,15,0.003743,0.27793,9.486667,0.029297,1.0399999999999998,,,,,750.00,7,0.36,,,,,,,
2024-01-11,TikTok,tt_8001,Awareness_GenZ,ttad_9001,Dance_Challenge,278901,4123,523.6,42,0.014783,0.126995,12.466667,0.010187,1.877,234567,,,,,,,182345,114567,77234,51234,10345,2789,656
2024-01-11,TikTok,tt_8002,Conversion_Focus,ttad_9002,Product_Demo,156789,3012,812.3,82,0.019211,0.269688,9.906098,0.027224,5.181,109876,,,,,,,81234,54678,41234,27567,5456,1567,289
2024-01-11,TikTok,tt_8003,Traffic_Campaign,ttad_9003,Trending_Sounds,234567,3789,456.8,33,0.016153,0.12056,13.842424,0.008709,1.9469999999999998,189234,,,,,,,143567,113456,73456,44567,8789,2434,567
2024-01-11,TikTok,tt_8004,Influencer_Collab,ttad_9004,Creator_Partnership,412345,6789,1023.4,103,0.016464,0.150744,9.935922,0.015172,2.4819999999999998,345678,,,,,,,278901,223456,159234,105678,18234,5234,1456
2024-01-12,Facebook,fb_1001,Brand_Awareness_Q1,fbset_2001,Broad_Audience_18-35,49234,1012,140.3,15,0.020555,0.138636,9.353333,0.014822,2.85,9123,0.0206,41567,1.18,,,,,,,,,,
2024-01-12,Facebook,fb_1002,Conversions_Retargeting,fbset_2002,Cart_Abandoners,13456,634,239.7,39,0.047117,0.378076,6.146154,0.061514,17.814,1378,0.0471,10567,1.27,,,,,,,,,,
2024-01-12,Facebook,fb_1003,Traffic_Drive_Jan,fbset_2003,Lookalike_Purchasers,37890,1398,212.4,28,0.036896,0.151931,7.585714,0.020029,5.606,5012,0.0369,30890,1.23,,,,,,,,,,
2024-01-12,Facebook,fb_1004,Video_Views_Campaign,fbset_2004,Video_Enthusiasts,72890,261,96.8,7,0.003581,0.370881,13.828571,0.02682,1.328,49567,0.0036,59123,1.23,,,,,,,,,,
2024-01-12,Google,g_5001,Search_Brand_Terms,gad_6001,Brand_Exact,25123,1312,250.4,49,0.052223,0.190854,5.110204,0.037348,9.967,,,,,2450.00,9,0.91,,,,,,,
2024-01-12,Google,g_5002,Search_Generic_Terms,gad_6002,Product_Broad,46567,912,596.7,24,0.019585,0.654276,24.8625,0.026316,12.814,,,,,1200.00,7,0.45,,,,,,,
2024-01-12,Google,g_5003,Shopping_All_Products,gad_6003,Best_Sellers,69890,2334,428.9,66,0.033395,0.183762,6.498485,0.028278,6.1370000000000005,,,,,3300.00,8,0.67,,,,,,,
2024-01-12,Google,g_5004,Display_Remarketing,gad_6004,Cart_Abandoners,133456,489,131.2,14,0.003664,0.268303,9.371429,0.02863,0.983,,,,,700.00,7,0.35,,,,,,,
2024-01-12,TikTok,tt_8001,Awareness_GenZ,ttad_9001,Dance_Challenge,267890,3945,501.2,40,0.014726,0.127047,12.53,0.010139,1.871,221234,,,,,,,173456,109234,73567,49234,9789,2634,623
2024-01-12,TikTok,tt_8002,Conversion_Focus,ttad_9002,Product_Demo,148901,2834,767.5,77,0.019033,0.270819,9.967532,0.02717,5.154,103456,,,,,,,76234,51234,38567,25789,5123,1456,278
2024-01-12,TikTok,tt_8003,Traffic_Campaign,ttad_9003,Trending_Sounds,228901,3634,441.9,31,0.015876,0.121602,14.254839,0.008531,1.931,182345,,,,,,,137890,108901,70567,42789,8456,2301,545
2024-01-12,TikTok,tt_8004,Influencer_Collab,ttad_9004,Creator_Partnership,398567,6534,998.7,98,0.016394,0.152847,10.190816,0.014998,2.506,332345,,,,,,,267890,214567,151234,99567,17756,5012,1389
2024-01-13,Facebook,fb_1001,Brand_Awareness_Q1,fbset_2001,Broad_Audience_18-35,42345,856,121.5,12,0.020215,0.141939,10.125,0.014019,2.869,7890,0.0202,35678,1.19,,,,,,,,,,
2024-01-13,Facebook,fb_1002,Conversions_Retargeting,fbset_2002,Cart_Abandoners,11234,523,198.6,32,0.046555,0.379732,6.20625,0.061185,17.678,1123,0.0466,8901,1.27,,,,,,,,,,
2024-01-13,Facebook,fb_1003,Traffic_Drive_Jan,fbset_2003,Lookalike_Purchasers,33456,1203,185.3,23,0.035958,0.154032,8.056522,0.019119,5.539,4234,0.0360,27890,1.20,,,,,,,,,,
2024-01-13,Facebook,fb_1004,Video_Views_Campaign,fbset_2004,Video_Enthusiasts,64567,238,83.4,5,0.003686,0.35042,16.68,0.021008,1.292,43234,0.0037,52890,1.22,,,,,,,,,,
2024-01-13,Google,g_5001,Search_Brand_Terms,gad_6001,Brand_Exact,22456,1156,220.4,43,0.051478,0.190657,5.125581,0.037197,9.815000000000001,,,,,2150.00,9,0.90,,,,,,,
2024-01-13,Google,g_5002,Search_Generic_Terms,gad_6002,Product_Broad,41234,823,528.9,21,0.019959,0.642649,25.185714,0.025516,12.827,,,,,1050.00,6,0.43,,,,,,,
2024-01-13,Google,g_5003,Shopping_All_Products,gad_6003,Best_Sellers,63456,2089,382.6,60,0.03292,0.18315,6.376667,0.028722,6.029,,,,,3000.00,8,0.65,,,,,,,
2024-01-13,Google,g_5004,Display_Remarketing,gad_6004,Cart_Abandoners,119234,434,116.8,12,0.00364,0.269124,9.733333,0.02765,0.98,,,,,600.00,7,0.33,,,,,,,
2024-01-13,TikTok,tt_8001,Awareness_GenZ,ttad_9001,Dance_Challenge,234567,3456,456.7,34,0.014734,0.132147,13.432353,0.009838,1.9469999999999998,198234,,,,,,,156234,98234,67234,45234,8923,2345,567
2024-01-13,TikTok,tt_8002,Conversion_Focus,ttad_9002,Product_Demo,134567,2567,712.3,71,0.019076,0.277483,10.032394,0.027659,5.293,95678,,,,,,,71234,48234,36234,24567,4789,1345,245
2024-01-13,TikTok,tt_8003,Traffic_Campaign,ttad_9003,Trending_Sounds,201234,3123,374.5,26,0.015519,0.119917,14.403846,0.008325,1.861,157890,,,,,,,121234,96234,61234,37456,7345,2034,489
2024-01-13,TikTok,tt_8004,Influencer_Collab,ttad_9004,Creator_Partnership,367890,6012,923.4,94,0.016342,0.153593,9.823404,0.015635,2.5100000000000002,301234,,,,,,,245678,196789,140234,93456,16234,4789,1289
2024-01-14,Facebook,fb_1001,Brand_Awareness_Q1,fbset_2001,Broad_Audience_18-35,40123,798,114.7,11,0.019889,0.143734,10.427273,0.013784,2.859,7345,0.0199,33456,1.20,,,,,,,,,,
2024-01-14,Facebook,fb_1002,Conversions_Retargeting,fbset_2002,Cart_Abandoners,10567,489,185.9,29,0.046276,0.380164,6.410345,0.059305,17.593,998,0.0463,8234,1.28,,,,,,,,,,
2024-01-14,Facebook,fb_1003,Traffic_Drive_Jan,fbset_2003,Lookalike_Purchasers,31234,1123,173.8,21,0.035954,0.154764,8.27619,0.0187,5.564,3890,0.0360,26123,1.20,,,,,,,,,,
2024-01-14,Facebook,fb_1004,Video_Views_Campaign,fbset_2004,Video_Enthusiasts,61234,223,78.9,4,0.003642,0.353812,19.725,0.017937,1.288,40567,0.0036,50123,1.22,,,,,,,,,,
2024-01-14,Google,g_5001,Search_Brand_Terms,gad_6001,Brand_Exact,21234,1089,207.8,41,0.051286,0.190817,5.068293,0.037649,9.786,,,,,2050.00,9,0.89,,,,,,,
2024-01-14,Google,g_5002,Search_Generic_Terms,gad_6002,Product_Broad,39567,789,507.4,19,0.019941,0.643093,26.705263,0.024081,12.824,,,,,950.00,6,0.42,,,,,,,
2024-01-14,Google,g_5003,Shopping_All_Products,gad_6003,Best_Sellers,61890,2012,369.3,58,0.032509,0.183549,6.367241,0.028827,5.9670000000000005,,,,,2900.00,8,0.64,,,,,,,
2024-01-14,Google,g_5004,Display_Remarketing,gad_6004,Cart_Abandoners,115678,412,113.4,11,0.003562,0.275243,10.309091,0.026699,0.98,,,,,550.00,7,0.32,,,,,,,
2024-01-14,TikTok,tt_8001,Awareness_GenZ,ttad_9001,Dance_Challenge,223456,3234,434.5,32,0.014473,0.134354,13.578125,0.009895,1.944,189234,,,,,,,148234,93234,63456,43234,8567,2234,534
2024-01-14,TikTok,tt_8002,Conversion_Focus,ttad_9002,Product_Demo,128901,2456,689.5,68,0.019053,0.280741,10.139706,0.027687,5.348999999999999,91234,,,,,,,68234,45789,34567,23678,4678,1267,237
2024-01-14,TikTok,tt_8003,Traffic_Campaign,ttad_9003,Trending_Sounds,195678,2989,361.2,25,0.015275,0.120843,14.448,0.008364,1.846,152345,,,,,,,117234,93234,59234,36234,7123,1967,478
2024-01-14,TikTok,tt_8004,Influencer_Collab,ttad_9004,Creator_Partnership,356789,5834,901.2,91,0.016351,0.154474,9.903297,0.015598,2.5260000000000002,293456,,,,,,,239234,191234,136234,90234,15890,4634,1256
2024-01-15,Facebook,fb_1001,Brand_Awareness_Q1,fbset_2001,Broad_Audience_18-35,46789,934,132.4,14,0.019962,0.141756,9.457143,0.014989,2.83,8567,0.0200,39234,1.19,,,,,,,,,,
2024-01-15,Facebook,fb_1002,Conversions_Retargeting,fbset_2002,Cart_Abandoners,12890,567,221.3,37,0.043988,0.3903,5.981081,0.065256,17.168,1345,0.0440,10123,1.27,,,,,,,,,,
2024-01-15,Facebook,fb_1003,Traffic_Drive_Jan,fbset_2003,Lookalike_Purchasers,35678,1289,196.6,25,0.036129,0.152521,7.864,0.019395,5.51,4678,0.0361,29345,1.22,,,,,,,,,,
2024-01-15,Facebook,fb_1004,Video_Views_Campaign,fbset_2004,Video_Enthusiasts,68456,248,87.6,6,0.003623,0.353226,14.6,0.024194,1.28,46234,0.0036,56789,1.21,,,,,,,,,,
2024-01-15,Google,g_5001,Search_Brand_Terms,gad_6001,Brand_Exact,23890,1234,235.6,46,0.051653,0.190924,5.121739,0.037277,9.862,,,,,2300.00,9,0.91,,,,,,,
2024-01-15,Google,g_5002,Search_Generic_Terms,gad_6002,Product_Broad,43789,856,560.9,22,0.019548,0.655257,25.495455,0.025701,12.809,,,,,1100.00,7,0.44,,,,,,,
2024-01-15,Google,g_5003,Shopping_All_Products,gad_6003,Best_Sellers,67234,2234,411.7,65,0.033227,0.184288,6.333846,0.029096,6.123,,,,,3250.00,8,0.66,,,,,,,
2024-01-15,Google,g_5004,Display_Remarketing,gad_6004,Cart_Abandoners,128901,467,126.7,13,0.003623,0.271306,9.746154,0.027837,0.983,,,,,650.00,7,0.34,,,,,,,
2024-01-15,TikTok,tt_8001,Awareness_GenZ,ttad_9001,Dance_Challenge,246789,3678,478.9,36,0.014903,0.130207,13.302778,0.009788,1.941,207345,,,,,,,163456,102345,70234,47234,9234,2456,589
2024-01-15,TikTok,tt_8002,Conversion_Focus,ttad_9002,Product_Demo,142345,2678,734.5,73,0.018813,0.274272,10.061644,0.027259,5.159999999999999,97890,,,,,,,72345,48901,36789,24890,4901,1356,256
2024-01-15,TikTok,tt_8003,Traffic_Campaign,ttad_9003,Trending_Sounds,212345,3345,401.1,28,0.015753,0.11991,14.325,0.008371,1.889,167890,,,,,,,128234,101234,65234,39456,7789,2145,512
2024-01-15,TikTok,tt_8004,Influencer_Collab,ttad_9004,Creator_Partnership,378901,6123,945.6,96,0.01616,0.154434,9.85,0.015679,2.496,312345,,,,,,,251234,201234,143456,95234,16567,4823,1312
2024-01-16,Facebook,fb_1001,Brand_Awareness_Q1,fbset_2001,Broad_Audience_18-35,50234,1023,143.8,16,0.020365,0.140567,8.9875,0.01564,2.863,9234,0.0204,42345,1.19,,,,,,,,,,
2024-01-16,Facebook,fb_1002,Conversions_Retargeting,fbset_2002,Cart_Abandoners,14234,678,248.5,42,0.047632,0.366519,5.916667,0.061947,17.458000000000002,1567,0.0477,11234,1.27,,,,,,,,,,
2024-01-16,Facebook,fb_1003,Traffic_Drive_Jan,fbset_2003,Lookalike_Purchasers,38456,1423,218.7,30,0.037003,0.153689,7.29,0.021082,5.687,5123,0.0370,31234,1.23,,,,,,,,,,
2024-01-16,Facebook,fb_1004,Video_Views_Campaign,fbset_2004,Video_Enthusiasts,73456,267,94.2,7,0.003635,0.352809,13.457143,0.026217,1.282,49890,0.0036,59567,1.24,,,,,,,,,,
2024-01-16,Google,g_5001,Search_Brand_Terms,gad_6001,Brand_Exact,25456,1345,257.3,51,0.052836,0.191301,5.045098,0.037918,10.108,,,,,2550.00,9,0.92,,,,,,,
2024-01-16,Google,g_5002,Search_Generic_Terms,gad_6002,Product_Broad,45678,901,584.5,24,0.019725,0.648724,24.354167,0.026637,12.796,,,,,1200.00,7,0.45,,,,,,,
2024-01-16,Google,g_5003,Shopping_All_Products,gad_6003,Best_Sellers,70123,2378,435.8,69,0.033912,0.183263,6.315942,0.029016,6.215,,,,,3450.00,8,0.67,,,,,,,
2024-01-16,Google,g_5004,Display_Remarketing,gad_6004,Cart_Abandoners,132567,489,130.5,14,0.003689,0.266871,9.321429,0.02863,0.9840000000000001,,,,,700.00,7,0.35,,,,,,,
2024-01-16,TikTok,tt_8001,Awareness_GenZ,ttad_9001,Dance_Challenge,289012,4234,556.7,43,0.01465,0.131483,12.946512,0.010156,1.926,234567,,,,,,,182345,114567,77234,51234,10345,2789,656
2024-01-16,TikTok,tt_8002,Conversion_Focus,ttad_9002,Product_Demo,156789,3012,812.3,82,0.019211,0.269688,9.906098,0.027224,5.181,109876,,,,,,,81234,54678,41234,27567,5456,1567,289
2024-01-16,TikTok,tt_8003,Traffic_Campaign,ttad_9003,Trending_Sounds,245678,3890,467.8,34,0.015834,0.120257,13.758824,0.00874,1.9040000000000001,195678,,,,,,,148234,117234,75234,45789,8567,2345,567
2024-01-16,TikTok,tt_8004,Influencer_Collab,ttad_9004,Creator_Partnership,423456,6890,1056.8,107,0.016271,0.153382,9.876636,0.01553,2.496,356789,,,,,,,289234,231456,164567,109234,18890,5456,1489
2024-01-17,Facebook,fb_1001,Brand_Awareness_Q1,fbset_2001,Broad_Audience_18-35,51789,1089,152.3,18,0.021028,0.139853,8.461111,0.016529,2.941,9567,0.0210,43567,1.19,,,,,,,,,,
2024-01-17,Facebook,fb_1002,Conversions_Retargeting,fbset_2002,Cart_Abandoners,15234,734,264.7,46,0.048182,0.360627,5.754348,0.06267,17.375999999999998,1678,0.0482,12123,1.26,,,,,,,,,,
2024-01-17,Facebook,fb_1003,Traffic_Drive_Jan,fbset_2003,Lookalike_Purchasers,40123,1534,232.8,33,0.038232,0.15176,7.054545,0.021512,5.802,5456,0.0382,32890,1.22,,,,,,,,,,
2024-01-17,Facebook,fb_1004,Video_Views_Campaign,fbset_2004,Video_Enthusiasts,75890,278,98.5,8,0.003663,0.354317,12.3125,0.028777,1.2979999999999998,51234,0.0037,61567,1.23,,,,,,,,,,
2024-01-17,Google,g_5001,Search_Brand_Terms,gad_6001,Brand_Exact,26789,1456,278.9,54,0.054351,0.191552,5.164815,0.037088,10.411,,,,,2700.00,9,0.93,,,,,,,
2024-01-17,Google,g_5002,Search_Generic_Terms,gad_6002,Product_Broad,47234,967,605.6,25,0.020473,0.626267,24.224,0.025853,12.821000000000002,,,,,1250.00,7,0.46,,,,,,,
2024-01-17,Google,g_5003,Shopping_All_Products,gad_6003,Best_Sellers,72456,2489,450.7,72,0.034352,0.181077,6.259722,0.028927,6.22,,,,,3600.00,8,0.68,,,,,,,
2024-01-17,Google,g_5004,Display_Remarketing,gad_6004,Cart_Abandoners,138901,534,136.4,15,0.003844,0.255431,9.093333,0.02809,0.982,,,,,750.00,7,0.36,,,,,,,
2024-01-17,TikTok,tt_8001,Awareness_GenZ,ttad_9001,Dance_Challenge,301234,4456,589.9,46,0.014792,0.132383,12.823913,0.010323,1.9580000000000002,245678,,,,,,,191234,119234,80234,53456,10789,2901,689
2024-01-17,TikTok,tt_8002,Conversion_Focus,ttad_9002,Product_Demo,167890,3234,845.6,85,0.019263,0.261472,9.948235,0.026283,5.037,117890,,,,,,,87234,58901,44234,29567,5678,1634,312
2024-01-17,TikTok,tt_8003,Traffic_Campaign,ttad_9003,Trending_Sounds,256789,4012,489.2,36,0.015624,0.121934,13.588889,0.008973,1.905,201234,,,,,,,152345,120456,77890,47234,8901,2456,589
2024-01-17,TikTok,tt_8004,Influencer_Collab,ttad_9004,Creator_Partnership,445678,7234,1123.5,113,0.016231,0.155308,9.942478,0.015621,2.521,378901,,,,,,,304567,243456,172345,114567,19567,5678,1567
2024-01-18,Facebook,fb_1001,Brand_Awareness_Q1,fbset_2001,Broad_Audience_18-35,49567,1012,144.6,16,0.020417,0.142885,9.0375,0.01581,2.917,9123,0.0204,41890,1.18,,,,,,,,,,
2024-01-18,Facebook,fb_1002,Conversions_Retargeting,fbset_2002,Cart_Abandoners,14567,689,253.4,43,0.047299,0.367779,5.893023,0.062409,17.395,1489,0.0473,11567,1.26,,,,,,,,,,
2024-01-18,Facebook,fb_1003,Traffic_Drive_Jan,fbset_2003,Lookalike_Purchasers,38901,1456,224.5,31,0.037428,0.15419,7.241935,0.021291,5.771,5234,0.0374,31456,1.24,,,,,,,,,,
2024-01-18,Facebook,fb_1004,Video_Views_Campaign,fbset_2004,Video_Enthusiasts,72345,261,92.7,7,0.003608,0.355172,13.242857,0.02682,1.281,48567,0.0036,58234,1.24,,,,,,,,,,
2024-01-18,Google,g_5001,Search_Brand_Terms,gad_6001,Brand_Exact,25789,1389,265.2,52,0.05386,0.190929,5.1,0.037437,10.283000000000001,,,,,2600.00,9,0.92,,,,,,,
2024-01-18,Google,g_5002,Search_Generic_Terms,gad_6002,Product_Broad,46123,923,590.3,24,0.020012,0.639545,24.595833,0.026002,12.798,,,,,1200.00,7,0.45,,,,,,,
2024-01-18,Google,g_5003,Shopping_All_Products,gad_6003,Best_Sellers,71567,2412,442.3,70,0.033703,0.183375,6.318571,0.029022,6.18,,,,,3500.00,8,0.68,,,,,,,
2024-01-18,Google,g_5004,Display_Remarketing,gad_6004,Cart_Abandoners,135234,501,133.6,14,0.003705,0.266667,9.542857,0.027944,0.988,,,,,700.00,7,0.35,,,,,,,
2024-01-18,TikTok,tt_8001,Awareness_GenZ,ttad_9001,Dance_Challenge,290123,4189,567.8,44,0.014439,0.135545,12.904545,0.010504,1.957,236789,,,,,,,184567,115678,78234,52345,10456,2812,678
2024-01-18,TikTok,tt_8002,Conversion_Focus,ttad_9002,Product_Demo,161234,3089,823.7,83,0.019158,0.266656,9.924096,0.02687,5.109,113456,,,,,,,83567,56234,42345,28234,5523,1589,301
2024-01-18,TikTok,tt_8003,Traffic_Campaign,ttad_9003,Trending_Sounds,248901,3934,478.5,35,0.015805,0.121632,13.671429,0.008897,1.9220000000000002,195234,,,,,,,148901,117890,76234,46234,8734,2401,578
2024-01-18,TikTok,tt_8004,Influencer_Collab,ttad_9004,Creator_Partnership,434567,7012,1089.3,109,0.016136,0.155348,9.993578,0.015545,2.507,367890,,,,,,,296234,237890,168234,111234,19234,5534,1523
2024-01-19,Facebook,fb_1001,Brand_Awareness_Q1,fbset_2001,Broad_Audience_18-35,47890,967,138.4,15,0.020192,0.143123,9.226667,0.015512,2.89,8789,0.0202,40234,1.19,,,,,,,,,,
2024-01-19,Facebook,fb_1002,Conversions_Retargeting,fbset_2002,Cart_Abandoners,13890,634,235.8,40,0.045644,0.371924,5.895,0.063091,16.976000000000003,1378,0.0457,10890,1.27,,,,,,,,,,
2024-01-19,Facebook,fb_1003,Traffic_Drive_Jan,fbset_2003,Lookalike_Purchasers,37234,1367,209.9,28,0.036714,0.153548,7.496429,0.020483,5.637,5012,0.0367,30678,1.21,,,,,,,,,,
2024-01-19,Facebook,fb_1004,Video_Views_Campaign,fbset_2004,Video_Enthusiasts,70123,253,89.4,6,0.003608,0.35336,14.9,0.023715,1.2750000000000001,47234,0.0036,57890,1.21,,,,,,,,,,
2024-01-19,Google,g_5001,Search_Brand_Terms,gad_6001,Brand_Exact,24567,1289,246.8,48,0.052469,0.191466,5.141667,0.037238,10.046,,,,,2400.00,9,0.91,,,,,,,
2024-01-19,Google,g_5002,Search_Generic_Terms,gad_6002,Product_Broad,44890,890,574.7,23,0.019826,0.64573,24.986957,0.025843,12.802,,,,,1150.00,7,0.44,,,,,,,
2024-01-19,Google,g_5003,Shopping_All_Products,gad_6003,Best_Sellers,69234,2301,423.5,67,0.033235,0.18405,6.320896,0.029118,6.117,,,,,3350.00,8,0.67,,,,,,,
2024-01-19,Google,g_5004,Display_Remarketing,gad_6004,Cart_Abandoners,131567,478,129.4,13,0.003633,0.270711,9.953846,0.027197,0.9840000000000001,,,,,650.00,7,0.34,,,,,,,
2024-01-19,TikTok,tt_8001,Awareness_GenZ,ttad_9001,Dance_Challenge,278901,4123,545.6,42,0.014783,0.132331,12.990476,0.010187,1.9559999999999997,229234,,,,,,,179234,112234,75678,50234,10123,2712,645
2024-01-19,TikTok,tt_8002,Conversion_Focus,ttad_9002,Product_Demo,153456,2945,789.2,79,0.019191,0.26798,9.989873,0.026825,5.143,107890,,,,,,,79567,53678,40234,26890,5234,1456,278
2024-01-19,TikTok,tt_8003,Traffic_Campaign,ttad_9003,Trending_Sounds,236789,3734,456.8,33,0.015769,0.122335,13.842424,0.008838,1.929,187890,,,,,,,142345,112345,72345,43789,8456,2267,545
2024-01-19,TikTok,tt_8004,Influencer_Collab,ttad_9004,Creator_Partnership,423456,6789,1034.5,104,0.016032,0.152379,9.947115,0.015319,2.443,356789,,,,,,,287234,229234,162345,107890,18756,5345,1456
2024-01-20,Facebook,fb_1001,Brand_Awareness_Q1,fbset_2001,Broad_Audience_18-35,43234,878,125.7,13,0.020308,0.143166,9.669231,0.014806,2.907,7890,0.0203,36567,1.18,,,,,,,,,,
2024-01-20,Facebook,fb_1002,Conversions_Retargeting,fbset_2002,Cart_Abandoners,11890,545,202.3,34,0.045837,0.371193,5.95,0.062385,17.014000000000003,1156,0.0458,9567,1.28,,,,,,,,,,
2024-01-20,Facebook,fb_1003,Traffic_Drive_Jan,fbset_2003,Lookalike_Purchasers,34567,1234,189.6,24,0.035699,0.153647,7.9,0.019449,5.485,4567,0.0357,28934,1.19,,,,,,,,,,
2024-01-20,Facebook,fb_1004,Video_Views_Campaign,fbset_2004,Video_Enthusiasts,65234,234,81.2,5,0.003587,0.347009,16.24,0.021368,1.245,43567,0.0036,53456,1.19,,,,,,,,,,
2024-01-20,Google,g_5001,Search_Brand_Terms,gad_6001,Brand_Exact,22345,1123,214.5,42,0.050257,0.191006,5.107143,0.0374,9.599,,,,,2100.00,9,0.89,,,,,,,
2024-01-20,Google,g_5002,Search_Generic_Terms,gad_6002,Product_Broad,40567,812,520.4,20,0.020016,0.640887,26.02,0.024631,12.828000000000001,,,,,1000.00,6,0.42,,,,,,,
2024-01-20,Google,g_5003,Shopping_All_Products,gad_6003,Best_Sellers,64890,2067,376.8,59,0.031854,0.182293,6.386441,0.028544,5.8069999999999995,,,,,2950.00,8,0.65,,,,,,,
2024-01-20,Google,g_5004,Display_Remarketing,gad_6004,Cart_Abandoners,124567,445,122.3,12,0.003572,0.274831,10.191667,0.026966,0.982,,,,,600.00,7,0.33,,,,,,,
2024-01-20,TikTok,tt_8001,Awareness_GenZ,ttad_9001,Dance_Challenge,256234,3701,490.5,38,0.014444,0.132532,12.907895,0.010267,1.914,209234,,,,,,,163567,102567,69567,46567,9123,2423,601
2024-01-20,TikTok,tt_8002,Conversion_Focus,ttad_9002,Product_Demo,142345,2678,734.5,73,0.018813,0.274272,10.061644,0.027259,5.159999999999999,97890,,,,,,,72345,48901,36789,24890,4901,1356,256
2024-01-20,TikTok,tt_8003,Traffic_Campaign,ttad_9003,Trending_Sounds,218901,3456,414.4,29,0.015788,0.119907,14.289655,0.008391,1.893,173456,,,,,,,131567,103567,67234,40567,8012,2201,523
2024-01-20,TikTok,tt_8004,Influencer_Collab,ttad_9004,Creator_Partnership,389012,6234,967.8,98,0.016025,0.155245,9.87551,0.01572,2.488,321234,,,,,,,258901,207890,147234,97456,16901,4912,1345
2024-01-21,Facebook,fb_1001,Brand_Awareness_Q1,fbset_2001,Broad_Audience_18-35,41567,823,118.9,12,0.019799,0.144471,9.908333,0.014581,2.8600000000000003,7456,0.0198,35123,1.18,,,,,,,,,,
2024-01-21,Facebook,fb_1002,Conversions_Retargeting,fbset_2002,Cart_Abandoners,10234,467,178.4,30,0.045632,0.382013,5.946667,0.06424,17.432,945,0.0456,8456,1.21,,,,,,,,,,
2024-01-21,Facebook,fb_1003,Traffic_Drive_Jan,fbset_2003,Lookalike_Purchasers,32890,1178,171.2,22,0.035816,0.145331,7.781818,0.018676,5.205,3789,0.0358,27234,1.21,,,,,,,,,,
2024-01-21,Facebook,fb_1004,Video_Views_Campaign,fbset_2004,Video_Enthusiasts,62345,223,76.3,4,0.003577,0.342152,19.075,0.017937,1.224,41234,0.0036,51567,1.20,,,,,,,,,,
2024-01-21,Google,g_5001,Search_Brand_Terms,gad_6001,Brand_Exact,21567,1089,207.8,41,0.050494,0.190817,5.068293,0.037649,9.635,,,,,2050.00,9,0.88,,,,,,,
2024-01-21,Google,g_5002,Search_Generic_Terms,gad_6002,Product_Broad,38901,778,498.7,19,0.019999,0.641003,26.247368,0.024422,12.82,,,,,950.00,6,0.41,,,,,,,
2024-01-21,Google,g_5003,Shopping_All_Products,gad_6003,Best_Sellers,62345,1989,365.4,57,0.031903,0.18371,6.410526,0.028658,5.861,,,,,2850.00,8,0.63,,,,,,,
2024-01-21,Google,g_5004,Display_Remarketing,gad_6004,Cart_Abandoners,118234,423,116.2,11,0.003578,0.274704,10.563636,0.026005,0.983,,,,,550.00,7,0.32,,,,,,,
2024-01-21,TikTok,tt_8001,Awareness_GenZ,ttad_9001,Dance_Challenge,234567,3456,445.7,34,0.014734,0.128964,13.108824,0.009838,1.9,195234,,,,,,,153456,96234,65234,43567,8756,2234,534
2024-01-21,TikTok,tt_8002,Conversion_Focus,ttad_9002,Product_Demo,128901,2456,678.9,67,0.019053,0.276425,10.132836,0.02728,5.267,89234,,,,,,,67234,45234,34234,23456,4567,1234,234
2024-01-21,TikTok,tt_8003,Traffic_Campaign,ttad_9003,Trending_Sounds,201234,3123,374.5,26,0.015519,0.119917,14.403846,0.008325,1.861,157890,,,,,,,121234,96234,61234,37456,7345,2034,489
2024-01-21,TikTok,tt_8004,Influencer_Collab,ttad_9004,Creator_Partnership,367890,6012,923.4,94,0.016342,0.153593,9.823404,0.015635,2.5100000000000002,301234,,,,,,,245678,196789,140234,93456,16234,4789,1289
2024-01-22,Facebook,fb_1001,Brand_Awareness_Q1,fbset_2001,Broad_Audience_18-35,45234,912,129.8,14,0.020162,0.142325,9.271429,0.015351,2.87,8234,0.0202,38567,1.17,,,,,,,,,,
2024-01-22,Facebook,fb_1002,Conversions_Retargeting,fbset_2002,Cart_Abandoners,12456,567,209.6,36,0.04552,0.369665,5.822222,0.063492,16.827,1234,0.0455,9876,1.26,,,,,,,,,,
2024-01-22,Facebook,fb_1003,Traffic_Drive_Jan,fbset_2003,Lookalike_Purchasers,35123,1267,194.5,26,0.036073,0.153512,7.480769,0.020521,5.538,4345,0.0361,29123,1.21,,,,,,,,,,
2024-01-22,Facebook,fb_1004,Video_Views_Campaign,fbset_2004,Video_Enthusiasts,66789,245,84.7,5,0.003668,0.345714,16.94,0.020408,1.268,44567,0.0037,54890,1.22,,,,,,,,,,
2024-01-22,Google,g_5001,Search_Brand_Terms,gad_6001,Brand_Exact,24234,1267,241.2,47,0.052282,0.190371,5.131915,0.037096,9.953,,,,,2350.00,9,0.91,,,,,,,
2024-01-22,Google,g_5002,Search_Generic_Terms,gad_6002,Product_Broad,42890,845,549.3,22,0.019702,0.650059,24.968182,0.026036,12.807,,,,,1100.00,7,0.44,,,,,,,
2024-01-22,Google,g_5003,Shopping_All_Products,gad_6003,Best_Sellers,66789,2223,407.9,64,0.033284,0.183491,6.373437,0.02879,6.106999999999999,,,,,3200.00,8,0.66,,,,,,,
2024-01-22,Google,g_5004,Display_Remarketing,gad_6004,Cart_Abandoners,127890,456,125.6,13,0.003566,0.275439,9.661538,0.028509,0.982,,,,,650.00,7,0.34,,,,,,,
2024-01-22,TikTok,tt_8001,Awareness_GenZ,ttad_9001,Dance_Challenge,267890,3945,523.4,40,0.014726,0.132674,13.085,0.010139,1.954,221234,,,,,,,173456,109234,73567,49234,9789,2634,623
2024-01-22,TikTok,tt_8002,Conversion_Focus,ttad_9002,Product_Demo,148901,2834,767.5,77,0.019033,0.270819,9.967532,0.02717,5.154,103456,,,,,,,76234,51234,38567,25789,5123,1456,278
2024-01-22,TikTok,tt_8003,Traffic_Campaign,ttad_9003,Trending_Sounds,228901,3634,441.9,31,0.015876,0.121602,14.254839,0.008531,1.931,182345,,,,,,,137890,108901,70567,42789,8456,2301,545
2024-01-22,TikTok,tt_8004,Influencer_Collab,ttad_9004,Creator_Partnership,398567,6534,998.7,98,0.016394,0.152847,10.190816,0.014998,2.506,332345,,,,,,,267890,214567,151234,99567,17756,5012,1389
2024-01-23,Facebook,fb_1001,Brand_Awareness_Q1,fbset_2001,Broad_Audience_18-35,48567,989,140.3,15,0.020364,0.14186,9.353333,0.015167,2.8890000000000002,8945,0.0204,40456,1.20,,,,,,,,,,
2024-01-23,Facebook,fb_1002,Conversions_Retargeting,fbset_2002,Cart_Abandoners,13789,623,229.8,38,0.045181,0.36886,6.047368,0.060995,16.665,1489,0.0452,10789,1.28,,,,,,,,,,
2024-01-23,Facebook,fb_1003,Traffic_Drive_Jan,fbset_2003,Lookalike_Purchasers,37456,1389,213.4,29,0.037084,0.153636,7.358621,0.020878,5.697,4890,0.0371,30567,1.22,,,,,,,,,,
2024-01-23,Facebook,fb_1004,Video_Views_Campaign,fbset_2004,Video_Enthusiasts,71234,256,90.5,6,0.003594,0.353516,15.083333,0.023438,1.27,48123,0.0036,58567,1.22,,,,,,,,,,
2024-01-23,Google,g_5001,Search_Brand_Terms,gad_6001,Brand_Exact,25678,1356,259.4,51,0.052808,0.191298,5.086275,0.037611,10.102,,,,,2550.00,9,0.92,,,,,,,
2024-01-23,Google,g_5002,Search_Generic_Terms,gad_6002,Product_Broad,45123,912,577.8,24,0.020211,0.633553,24.075,0.026316,12.805,,,,,1200.00,7,0.45,,,,,,,
2024-01-23,Google,g_5003,Shopping_All_Products,gad_6003,Best_Sellers,70234,2389,432.6,69,0.034015,0.18108,6.269565,0.028882,6.159000000000001,,,,,3450.00,8,0.67,,,,,,,
2024-01-23,Google,g_5004,Display_Remarketing,gad_6004,Cart_Abandoners,133456,489,131.2,14,0.003664,0.268303,9.371429,0.02863,0.983,,,,,700.00,7,0.35,,,,,,,
2024-01-23,TikTok,tt_8001,Awareness_GenZ,ttad_9001,Dance_Challenge,289012,4234,556.7,43,0.01465,0.131483,12.946512,0.010156,1.926,234567,,,,,,,182345,114567,77234,51234,10345,2789,656
2024-01-23,TikTok,tt_8002,Conversion_Focus,ttad_9002,Product_Demo,156789,3012,812.3,82,0.019211,0.269688,9.906098,0.027224,5.181,109876,,,,,,,81234,54678,41234,27567,5456,1567,289
2024-01-23,TikTok,tt_8003,Traffic_Campaign,ttad_9003,Trending_Sounds,245678,3890,467.8,34,0.015834,0.120257,13.758824,0.00874,1.9040000000000001,195678,,,,,,,148234,117234,75234,45789,8567,2345,567
2024-01-23,TikTok,tt_8004,Influencer_Collab,ttad_9004,Creator_Partnership,423456,6890,1056.8,107,0.016271,0.153382,9.876636,0.01553,2.496,356789,,,,,,,289234,231456,164567,109234,18890,5456,1489
2024-01-24,Facebook,fb_1001,Brand_Awareness_Q1,fbset_2001,Broad_Audience_18-35,51234,1067,149.7,17,0.020826,0.1403,8.805882,0.015933,2.922,9234,0.0208,42567,1.20,,,,,,,,,,
2024-01-24,Facebook,fb_1002,Conversions_Retargeting,fbset_2002,Cart_Abandoners,14890,712,251.6,43,0.047817,0.353371,5.851163,0.060393,16.897,1578,0.0478,11790,1.26,,,,,,,,,,
2024-01-24,Facebook,fb_1003,Traffic_Drive_Jan,fbset_2003,Lookalike_Purchasers,39234,1489,227.9,32,0.037952,0.153056,7.121875,0.021491,5.809,5234,0.0379,32123,1.22,,,,,,,,,,
2024-01-24,Facebook,fb_1004,Video_Views_Campaign,fbset_2004,Video_Enthusiasts,74567,267,95.8,7,0.003581,0.358801,13.685714,0.026217,1.285,50234,0.0036,60789,1.23,,,,,,,,,,
2024-01-24,Google,g_5001,Search_Brand_Terms,gad_6001,Brand_Exact,27123,1434,274.3,55,0.05287,0.191283,4.987273,0.038354,10.113000000000001,,,,,2750.00,9,0.93,,,,,,,
2024-01-24,Google,g_5002,Search_Generic_Terms,gad_6002,Product_Broad,47890,978,613.5,26,0.020422,0.627301,23.596154,0.026585,12.811,,,,,1300.00,7,0.46,,,,,,,
2024-01-24,Google,g_5003,Shopping_All_Products,gad_6003,Best_Sellers,73456,2501,456.7,73,0.034048,0.182607,6.256164,0.029188,6.2170000000000005,,,,,3650.00,8,0.69,,,,,,,
2024-01-24,Google,g_5004,Display_Remarketing,gad_6004,Cart_Abandoners,139234,523,136.8,15,0.003756,0.261568,9.12,0.028681,0.983,,,,,750.00,7,0.36,,,,,,,
2024-01-24,TikTok,tt_8001,Awareness_GenZ,ttad_9001,Dance_Challenge,312345,4567,623.4,48,0.014622,0.136501,12.9875,0.01051,1.996,256789,,,,,,,200234,125678,84567,56234,11234,3012,723
2024-01-24,TikTok,tt_8002,Conversion_Focus,ttad_9002,Product_Demo,172345,3345,867.9,87,0.019409,0.259462,9.975862,0.026009,5.036,123456,,,,,,,91234,61567,46234,30789,5890,1678,334
2024-01-24,TikTok,tt_8003,Traffic_Campaign,ttad_9003,Trending_Sounds,267890,4123,512.6,37,0.015391,0.124327,13.854054,0.008974,1.913,212345,,,,,,,160234,126789,81234,49234,9123,2567,612
2024-01-24,TikTok,tt_8004,Influencer_Collab,ttad_9004,Creator_Partnership,456789,7456,1167.8,118,0.016323,0.156626,9.89661,0.015826,2.557,389012,,,,,,,312345,249234,177890,118234,20234,5912,1623
2024-01-25,Facebook,fb_1001,Brand_Awareness_Q1,fbset_2001,Broad_Audience_18-35,52789,1123,156.4,18,0.021273,0.13927,8.688889,0.016028,2.963,9567,0.0213,43890,1.20,,,,,,,,,,
2024-01-25,Facebook,fb_1002,Conversions_Retargeting,fbset_2002,Cart_Abandoners,15678,756,268.9,47,0.04822,0.355688,5.721277,0.062169,17.151,1678,0.0482,12345,1.27,,,,,,,,,,
2024-01-25,Facebook,fb_1003,Traffic_Drive_Jan,fbset_2003,Lookalike_Purchasers,40567,1567,238.6,34,0.038627,0.152265,7.017647,0.021698,5.882,5456,0.0386,33234,1.22,,,,,,,,,,
2024-01-25,Facebook,fb_1004,Video_Views_Campaign,fbset_2004,Video_Enthusiasts,76890,278,99.2,8,0.003616,0.356835,12.4,0.028777,1.2899999999999998,51567,0.0036,62890,1.23,,,,,,,,,,
2024-01-25,Google,g_5001,Search_Brand_Terms,gad_6001,Brand_Exact,28234,1512,287.6,58,0.053552,0.190212,4.958621,0.03836,10.186,,,,,2900.00,9,0.94,,,,,,,
2024-01-25,Google,g_5002,Search_Generic_Terms,gad_6002,Product_Broad,49567,1012,634.2,27,0.020417,0.62668,23.488889,0.02668,12.795000000000002,,,,,1350.00,7,0.47,,,,,,,
2024-01-25,Google,g_5003,Shopping_All_Products,gad_6003,Best_Sellers,75234,2567,467.8,75,0.03412,0.182236,6.237333,0.029217,6.218,,,,,3750.00,8,0.70,,,,,,,
2024-01-25,Google,g_5004,Display_Remarketing,gad_6004,Cart_Abandoners,142345,545,139.9,16,0.003829,0.256697,8.74375,0.029358,0.983,,,,,800.00,7,0.37,,,,,,,
2024-01-25,TikTok,tt_8001,Awareness_GenZ,ttad_9001,Dance_Challenge,323456,4789,645.7,50,0.014806,0.13483,12.914,0.010441,1.996,267890,,,,,,,208901,131234,88234,58901,11567,3134,734
2024-01-25,TikTok,tt_8002,Conversion_Focus,ttad_9002,Product_Demo,178901,3456,889.5,89,0.019318,0.257378,9.994382,0.025752,4.9719999999999995,128901,,,,,,,95678,64567,48567,32345,6123,1734,345
2024-01-25,TikTok,tt_8003,Traffic_Campaign,ttad_9003,Trending_Sounds,278901,4234,534.2,39,0.015181,0.126169,13.697436,0.009211,1.915,223456,,,,,,,168901,133456,85678,51789,9456,2634,623
2024-01-25,TikTok,tt_8004,Influencer_Collab,ttad_9004,Creator_Partnership,467890,7623,1189.4,120,0.016292,0.156028,9.911667,0.015742,2.542,401234,,,,,,,323456,258901,184567,122345,20789,6034,1678
2024-01-26,Facebook,fb_1001,Brand_Awareness_Q1,fbset_2001,Broad_Audience_18-35,50123,1034,147.5,17,0.020629,0.14265,8.676471,0.016441,2.943,9123,0.0206,41890,1.20,,,,,,,,,,
2024-01-26,Facebook,fb_1002,Conversions_Retargeting,fbset_2002,Cart_Abandoners,14234,689,254.7,44,0.048405,0.369666,5.788636,0.063861,17.894000000000002,1456,0.0484,11234,1.27,,,,,,,,,,
2024-01-26,Facebook,fb_1003,Traffic_Drive_Jan,fbset_2003,Lookalike_Purchasers,38890,1445,231.2,32,0.037156,0.16,7.225,0.022145,5.944999999999999,5123,0.0372,31567,1.23,,,,,,,,,,
2024-01-26,Facebook,fb_1004,Video_Views_Campaign,fbset_2004,Video_Enthusiasts,73456,261,94.6,7,0.003553,0.362452,13.514286,0.02682,1.288,49234,0.0036,59567,1.23,,,,,,,,,,
2024-01-26,Google,g_5001,Search_Brand_Terms,gad_6001,Brand_Exact,26789,1378,263.4,53,0.051439,0.191147,4.969811,0.038462,9.832,,,,,2650.00,9,0.92,,,,,,,
2024-01-26,Google,g_5002,Search_Generic_Terms,gad_6002,Product_Broad,47234,945,605.6,25,0.020007,0.640847,24.224,0.026455,12.821000000000002,,,,,1250.00,7,0.46,,,,,,,
2024-01-26,Google,g_5003,Shopping_All_Products,gad_6003,Best_Sellers,72890,2434,450.2,71,0.033393,0.184963,6.340845,0.02917,6.176,,,,,3550.00,8,0.69,,,,,,,
2024-01-26,Google,g_5004,Display_Remarketing,gad_6004,Cart_Abandoners,138567,512,136.2,15,0.003695,0.266016,9.08,0.029297,0.983,,,,,750.00,7,0.36,,,,,,,
2024-01-26,TikTok,tt_8001,Awareness_GenZ,ttad_9001,Dance_Challenge,301234,4456,589.9,46,0.014792,0.132383,12.823913,0.010323,1.9580000000000002,245678,,,,,,,191234,119234,80234,53456,10789,2901,689
2024-01-26,TikTok,tt_8002,Conversion_Focus,ttad_9002,Product_Demo,167890,3234,845.6,85,0.019263,0.261472,9.948235,0.026283,5.037,117890,,,,,,,87234,58901,44234,29567,5678,1634,312
2024-01-26,TikTok,tt_8003,Traffic_Campaign,ttad_9003,Trending_Sounds,256789,4012,489.2,36,0.015624,0.121934,13.588889,0.008973,1.905,201234,,,,,,,152345,120456,77890,47234,8901,2456,589
2024-01-26,TikTok,tt_8004,Influencer_Collab,ttad_9004,Creator_Partnership,445678,7234,1123.5,113,0.016231,0.155308,9.942478,0.015621,2.521,378901,,,,,,,304567,243456,172345,114567,19567,5678,1567
2024-01-27,Facebook,fb_1001,Brand_Awareness_Q1,fbset_2001,Broad_Audience_18-35,46234,934,133.8,15,0.020202,0.143255,8.92,0.01606,2.8939999999999997,8456,0.0202,38890,1.19,,,,,,,,,,
2024-01-27,Facebook,fb_1002,Conversions_Retargeting,fbset_2002,Cart_Abandoners,12567,567,209.4,36,0.045118,0.369312,5.816667,0.063492,16.663,1267,0.0451,9890,1.27,,,,,,,,,,
2024-01-27,Facebook,fb_1003,Traffic_Drive_Jan,fbset_2003,Lookalike_Purchasers,35890,1289,197.8,27,0.035915,0.153452,7.325926,0.020946,5.511,4567,0.0359,29567,1.21,,,,,,,,,,
2024-01-27,Facebook,fb_1004,Video_Views_Campaign,fbset_2004,Video_Enthusiasts,68234,245,85.9,5,0.003591,0.350612,17.18,0.020408,1.259,45678,0.0036,55890,1.22,,,,,,,,,,
2024-01-27,Google,g_5001,Search_Brand_Terms,gad_6001,Brand_Exact,25234,1312,250.3,49,0.051993,0.190777,5.108163,0.037348,9.919,,,,,2450.00,9,0.91,,,,,,,
2024-01-27,Google,g_5002,Search_Generic_Terms,gad_6002,Product_Broad,45678,901,584.5,24,0.019725,0.648724,24.354167,0.026637,12.796,,,,,1200.00,7,0.45,,,,,,,
2024-01-27,Google,g_5003,Shopping_All_Products,gad_6003,Best_Sellers,70123,2356,431.2,68,0.033598,0.183022,6.341176,0.028862,6.149,,,,,3400.00,8,0.68,,,,,,,
2024-01-27,Google,g_5004,Display_Remarketing,gad_6004,Cart_Abandoners,134890,489,132.7,14,0.003625,0.27137,9.478571,0.02863,0.9840000000000001,,,,,700.00,7,0.35,,,,,,,
2024-01-27,TikTok,tt_8001,Awareness_GenZ,ttad_9001,Dance_Challenge,278901,4123,545.6,42,0.014783,0.132331,12.990476,0.010187,1.9559999999999997,229234,,,,,,,179234,112234,75678,50234,10123,2712,645
2024-01-27,TikTok,tt_8002,Conversion_Focus,ttad_9002,Product_Demo,153456,2945,789.2,79,0.019191,0.26798,9.989873,0.026825,5.143,107890,,,,,,,79567,53678,40234,26890,5234,1456,278
2024-01-27,TikTok,tt_8003,Traffic_Campaign,ttad_9003,Trending_Sounds,236789,3734,456.8,33,0.015769,0.122335,13.842424,0.008838,1.929,187890,,,,,,,142345,112345,72345,43789,8456,2267,545
2024-01-27,TikTok,tt_8004,Influencer_Collab,ttad_9004,Creator_Partnership,423456,6789,1034.5,104,0.016032,0.152379,9.947115,0.015319,2.443,356789,,,,,,,287234,229234,162345,107890,18756,5345,1456
2024-01-28,Facebook,fb_1001,Brand_Awareness_Q1,fbset_2001,Broad_Audience_18-35,44567,890,127.6,13,0.01997,0.143371,9.815385,0.014607,2.863,8123,0.0200,37456,1.19,,,,,,,,,,
2024-01-28,Facebook,fb_1002,Conversions_Retargeting,fbset_2002,Cart_Abandoners,11456,523,192.3,33,0.045653,0.367686,5.827273,0.063098,16.785999999999998,1089,0.0457,8967,1.28,,,,,,,,,,
2024-01-28,Facebook,fb_1003,Traffic_Drive_Jan,fbset_2003,Lookalike_Purchasers,33567,1203,184.5,25,0.035839,0.153367,7.38,0.020781,5.496,4123,0.0358,27890,1.20,,,,,,,,,,
2024-01-28,Facebook,fb_1004,Video_Views_Campaign,fbset_2004,Video_Enthusiasts,65789,234,80.4,4,0.003557,0.34359,20.1,0.017094,1.222,43890,0.0036,54123,1.21,,,,,,,,,,
2024-01-28,Google,g_5001,Search_Brand_Terms,gad_6001,Brand_Exact,23567,1189,226.8,44,0.050452,0.190749,5.154545,0.037006,9.624,,,,,2200.00,9,0.90,,,,,,,
2024-01-28,Google,g_5002,Search_Generic_Terms,gad_6002,Product_Broad,42890,834,549.3,21,0.019445,0.658633,26.157143,0.02518,12.807,,,,,1050.00,7,0.43,,,,,,,
2024-01-28,Google,g_5003,Shopping_All_Products,gad_6003,Best_Sellers,66234,2167,395.8,61,0.032717,0.182649,6.488525,0.02815,5.976,,,,,3050.00,8,0.66,,,,,,,
2024-01-28,Google,g_5004,Display_Remarketing,gad_6004,Cart_Abandoners,127345,445,125.1,12,0.003494,0.281124,10.425,0.026966,0.982,,,,,600.00,7,0.33,,,,,,,
2024-01-28,TikTok,tt_8001,Awareness_GenZ,ttad_9001,Dance_Challenge,267890,3945,501.2,40,0.014726,0.127047,12.53,0.010139,1.871,221234,,,,,,,173456,109234,73567,49234,9789,2634,623
2024-01-28,TikTok,tt_8002,Conversion_Focus,ttad_9002,Product_Demo,148901,2834,756.7,76,0.019033,0.267008,9.956579,0.026817,5.082,101234,,,,,,,74567,50234,37890,25234,5012,1423,267
2024-01-28,TikTok,tt_8003,Traffic_Campaign,ttad_9003,Trending_Sounds,223456,3567,427.7,30,0.015963,0.119905,14.256667,0.00841,1.914,178901,,,,,,,135234,106789,69234,41789,8234,2267,534
2024-01-28,TikTok,tt_8004,Influencer_Collab,ttad_9004,Creator_Partnership,401234,6456,989.9,101,0.01609,0.15333,9.80099,0.015644,2.467,332345,,,,,,,267890,214567,151234,99567,17234,5012,1378
2024-01-29,Facebook,fb_1001,Brand_Awareness_Q1,fbset_2001,Broad_Audience_18-35,47890,967,138.4,15,0.020192,0.143123,9.226667,0.015512,2.89,8789,0.0202,40234,1.19,,,,,,,,,,
2024-01-29,Facebook,fb_1002,Conversions_Retargeting,fbset_2002,Cart_Abandoners,13234,612,226.5,39,0.046245,0.370098,5.807692,0.063725,17.115,1345,0.0463,10456,1.27,,,,,,,,,,
2024-01-29,Facebook,fb_1003,Traffic_Drive_Jan,fbset_2003,Lookalike_Purchasers,36234,1334,203.7,28,0.036816,0.152699,7.275,0.02099,5.622,4678,0.0368,30123,1.20,,,,,,,,,,
2024-01-29,Facebook,fb_1004,Video_Views_Campaign,fbset_2004,Video_Enthusiasts,69567,253,88.7,6,0.003637,0.350593,14.783333,0.023715,1.2750000000000001,46890,0.0036,57123,1.22,,,,,,,,,,
2024-01-29,Google,g_5001,Search_Brand_Terms,gad_6001,Brand_Exact,24890,1278,244.2,47,0.051346,0.19108,5.195745,0.036776,9.811,,,,,2350.00,9,0.91,,,,,,,
2024-01-29,Google,g_5002,Search_Generic_Terms,gad_6002,Product_Broad,44567,878,570.8,23,0.019701,0.650114,24.817391,0.026196,12.808,,,,,1150.00,7,0.44,,,,,,,
2024-01-29,Google,g_5003,Shopping_All_Products,gad_6003,Best_Sellers,68456,2289,419.5,66,0.033438,0.183268,6.356061,0.028834,6.128,,,,,3300.00,8,0.67,,,,,,,
2024-01-29,Google,g_5004,Display_Remarketing,gad_6004,Cart_Abandoners,131234,467,128.9,13,0.003559,0.276017,9.915385,0.027837,0.982,,,,,650.00,7,0.34,,,,,,,
2024-01-29,TikTok,tt_8001,Awareness_GenZ,ttad_9001,Dance_Challenge,289012,4234,556.7,43,0.01465,0.131483,12.946512,0.010156,1.926,234567,,,,,,,182345,114567,77234,51234,10345,2789,656
2024-01-29,TikTok,tt_8002,Conversion_Focus,ttad_9002,Product_Demo,156789,3012,812.3,82,0.019211,0.269688,9.906098,0.027224,5.181,109876,,,,,,,81234,54678,41234,27567,5456,1567,289
2024-01-29,TikTok,tt_8003,Traffic_Campaign,ttad_9003,Trending_Sounds,245678,3890,467.8,34,0.015834,0.120257,13.758824,0.00874,1.9040000000000001,195678,,,,,,,148234,117234,75234,45789,8567,2345,567
2024-01-29,TikTok,tt_8004,Influencer_Collab,ttad_9004,Creator_Partnership,423456,6890,1056.8,107,0.016271,0.153382,9.876636,0.01553,2.496,356789,,,,,,,289234,231456,164567,109234,18890,5456,1489
2024-01-30,Facebook,fb_1001,Brand_Awareness_Q1,fbset_2001,Broad_Audience_18-35,49234,1001,142.8,16,0.020331,0.142657,8.925,0.015984,2.9,9012,0.0203,41567,1.18,,,,,,,,,,
2024-01-30,Facebook,fb_1002,Conversions_Retargeting,fbset_2002,Cart_Abandoners,14123,645,236.9,41,0.04567,0.367287,5.778049,0.063566,16.774,1423,0.0457,11123,1.27,,,,,,,,,,
2024-01-30,Facebook,fb_1003,Traffic_Drive_Jan,fbset_2003,Lookalike_Purchasers,37890,1412,216.5,30,0.037266,0.153329,7.216667,0.021246,5.714,4956,0.0373,30890,1.23,,,,,,,,,,
2024-01-30,Facebook,fb_1004,Video_Views_Campaign,fbset_2004,Video_Enthusiasts,72123,261,91.3,7,0.003619,0.349808,13.042857,0.02682,1.266,48567,0.0036,58890,1.22,,,,,,,,,,
2024-01-30,Google,g_5001,Search_Brand_Terms,gad_6001,Brand_Exact,25456,1334,254.6,50,0.052404,0.190855,5.092,0.037481,10.002,,,,,2500.00,9,0.92,,,,,,,
2024-01-30,Google,g_5002,Search_Generic_Terms,gad_6002,Product_Broad,45890,912,587.7,24,0.019874,0.644408,24.4875,0.026316,12.807,,,,,1200.00,7,0.45,,,,,,,
2024-01-30,Google,g_5003,Shopping_All_Products,gad_6003,Best_Sellers,70234,2367,432.1,68,0.033702,0.182552,6.354412,0.028728,6.152,,,,,3400.00,8,0.67,,,,,,,
2024-01-30,Google,g_5004,Display_Remarketing,gad_6004,Cart_Abandoners,133456,478,131.2,14,0.003582,0.274477,9.371429,0.029289,0.983,,,,,700.00,7,0.35,,,,,,,
2024-01-30,TikTok,tt_8001,Awareness_GenZ,ttad_9001,Dance_Challenge,295678,4345,573.2,44,0.014695,0.131922,13.027273,0.010127,1.939,241234,,,,,,,188234,117890,79234,52789,10567,2856,667
2024-01-30,TikTok,tt_8002,Conversion_Focus,ttad_9002,Product_Demo,161234,3089,823.7,83,0.019158,0.266656,9.924096,0.02687,5.109,113456,,,,,,,83567,56234,42345,28234,5523,1589,301
2024-01-30,TikTok,tt_8003,Traffic_Campaign,ttad_9003,Trending_Sounds,251234,3967,481.5,35,0.01579,0.121376,13.757143,0.008823,1.917,198901,,,,,,,150567,119234,76890,46567,8678,2378,556
2024-01-30,TikTok,tt_8004,Influencer_Collab,ttad_9004,Creator_Partnership,434567,7012,1089.3,109,0.016136,0.155348,9.993578,0.015545,2.507,367890,,,,,,,296234,237890,168234,111234,19234,5534,1523
